<?xml version="1.0" encoding="utf-8"?>
<extension type="module" version="4.0" client="site" method="upgrade">
    <name>My Header</name>
    <author>Chris Vaughan</author>
    <creationDate>13 June 2023</creationDate>
    <copyright>Copyright (C) 2023 Chris Vaughan</copyright>
    <license>This extension in released under the GNU/GPL License</license>
    <authorEmail>chris@cevsystems.co.uk</authorEmail>
    <authorUrl>cevsystems.co.uk</authorUrl>
    <version>1.0.1</version>
    <description>This module displays a customizable header module</description>
 
    <updateservers>
        <server type="extension" name="My Header Module" priority="1">https://raw.githubusercontent.com/chriswaterside/Joomla-Update-Server/main/myheader.xml</server>
    </updateservers>
    <files>
        <filename >mod_myheader.php</filename>
        <folder module="mod_myheader">tmpl</folder>
        <folder>css</folder>
        <filename>index.html</filename>
        <filename>en-GB.mod_myheader.ini</filename>
    </files>
    <languages folder="langfiles">
        <language tag="en-GB">en-GB.mod_myheader.ini</language>
    </languages>
    <config>
        <fields name="params">
            <fieldset name="basic">
                <field name="header_height" type="integer" default="94" label="HEADER_HEIGHT" description="HEADER_HEIGHT_DESC" first="70" last="200" step="1" />
                <field name="header_margin_top" type="integer" default="0" label="HEADER_MARGIN_TOP" description="HEADER_MARGIN_TOP_DESC" first="0" last="200" step="1" />
                <field name="website_title" type="text" default="" size="100" label="WEBSITE_TITLE" description="WEBSITE_TITLE_DESC" />
                <field name="title_color" type="color" default="#000000" label="TITLE_COLOR" description="TITLE_COLOR_DESC" />
                <field name="title_left" type="integer" default="120" label="Title left margin" description="SPace on left of title" first="0" last="300" step="1" />
                <field name="website_subtitle" type="text" default="" size="100" label="WEBSITE_SUBTITLE" description="WEBSITE_SUBTITLE_DESC" />
                <field name="subtitle_color" type="color" default="#000000" label="SUBTITLE_COLOR" description="SUBTITLE_COLOR_DESC" />
                <field name="subtitle_left" type="integer" default="160" label="Subtitle left margin" description="Sapce on left of subtitle" first="0" last="300" step="1" />
            </fieldset>
            <fieldset name="logo">	
                <field type="spacer" name="logo_section" class="text" label="LOGO_SECTION" />
                <field name="logo_image" type="media" directory="images" label="LOGO_IMAGE" description="LOGO_IMAGE_DESC" />
                <field name="logo_width" type="integer" default="91" label="LOGO_WIDTH" description="LOGO_WIDTH_DESC" first="1" last="2000" step="1" />
                <field name="logo_height" type="integer" default="91" label="LOGO_HEIGHT" description="LOGO_HEIGHT_DESC" first="1" last="200" step="1" />
                <field name="logo_url" type="text" default="/index.php" size="30" label="LOGO_URL" description="LOGO_URL_DESC" />
                <field name="logo_url_target" type="list" default="_blank" label="LOGO_URL_TARGET" description="LOGO_URL_TARGET_DESC" >
                    <option value="_blank">Load in a new window</option>
                    <option value="_top">Load in the full window</option>
                </field>		
                <field name="logo_margin_top" type="integer" default="0" label="LOGO_MARGIN_TOP" description="LOGO_MARGIN_TOP_DESC" first="0" last="200" step="1" />
            </fieldset>	
            <fieldset name="background">
                <field name="background_style" type="list" default="_part" label="Background_Style" description="Background_Style_DESC" >
                    <option value="part">Horizon image</option>
                    <option value="fullwidth">Full width image</option>
                </field>		
                <field name="horizon_image" type="media" directory="images" label="BACKGROUND_IMAGE" description="BACKGROUND_IMAGE_DESC"/>
       	
            </fieldset>
            <fieldset name="advanced">
                <field
                    name="moduleclass_sfx"
                    type="textarea"
                    label="COM_MODULES_FIELD_MODULECLASS_SFX_LABEL"
                    description="COM_MODULES_FIELD_MODULECLASS_SFX_DESC"
                    rows="3"
                />           
            </fieldset>
        </fields>
    </config>
</extension>
